"soc_id","Latitude","Longitude","OldLat","OldLong"
"Id7",-14,130,-14,130
"Ig15",-5,150,-5,150
"Eh10",-22,47,-22,47
"Ia17",6,125,6,125
"Ia18",10,123,10,123
"Ig16",-9,150,-9,150
"Ih12",-18.87,169.13,-19,169
"Ic13",-9.6,119.14,-10,119
"Ig17",-5.55,149,-5,149
"Ei20",23,92,23,92
"Ig18",-9,161,-9,161
"Ig19",-10,151,-10,151
"If10",6,153,6,153
"Ib9",3,115,3,115
"Ig8",-8,157,-8,157
"Ie34",-2.25,139.75,-2,140
"Ih11",-16.8,168.22,-17,168
"Ih13",-16,168,-16,168
"Ie36",-3,140,-3,140
"Ie37",-5,141,-5,141
"Ab21b",-32,28,-32,28
"Ac43",9,32,9,32
"Ef10",25,86,25,86
"Ca43",18,36,18,36
"Ee7",27,90,27,90
"Ch10",45,26,45,26
"Ni8",30,-110,30,-110
"Ni9",27,-107,27,-107
"Ng13",46,-70,46,-70
"Ef3",30,75,30,75
"Si9",-12,-54,-12,-54
"Ed16",23,113,23,113
"Ng14",35,-85,35,-85
"Ng15",30,-90,30,-90
"Ab22",-24.75,34.55,-25,35
"Ne21",29,-99,29,-99
"Sa14",8,-81,8,-81
"Nj11",22,-99,22,-99
"Ai4",11,34,11,34
"Ed13",24.35,123.8,24,124
"Sa15",14,-90,14,-90
"Sa16",15,-87,15,-87
"Aj30",2,34,2,34
"Eg12",18,82,18,82
"Nf15",43,-90,43,-90
"Ed14",22,105,22,105
"Nj5",18,-97,18,-97
"Ei17",26,94,26,94
"Nj12",18,-98,18,-98
"Ed15a",24,125,24,125
"Sb3",9,-72,9,-72
"Nj13",20,-99,20,-99
"Aj31",5,33,5,33
"Sf8",-12,-73,-12,-73
"Sa17",15,-91,15,-91
"Ei15",26,94,26,94
"Sc14",3,-55,3,-55
"Nh26",36,-106,36,-106
"Nh27",36,-105,36,-105
"Nj14",16,-96,16,-96
"Se12",0,-70,0,-70
"Sa2",17,-92,17,-92
"Sf9",-16,-69,-16,-69
"Eb8",43,60,43,60
"Aa4",-22,16,-22,16
"Aa9",-3,35,-3,35
"Aa1",-20,21,-20,21
"Aa3",-26,18,-26,18
"Aa7",-20,24,-20,24
"Aa6",-5,36,-5,36
"Aa8",-30,23,-30,23
"Ai37",12,31,12,31
"Ai38",10,30,10,30
"Ai39",11,30,11,30
"Ai40",11,30,11,30
"Ai2",11,31,11,31
"Ai10",12,31,12,31
"Ai41",11,30,11,30
"Ai42",12,29,12,29
"Ag14",10,-14,10,-14
"Ag15",12,-16,12,-16
"Ag16",12,-16,12,-16
"Ag21",12,-13,12,-13
"Ag17",12,-15,12,-15
"Ag18",11.1,-16.15,11,-16
"Ab10",-31,30,-31,30
"Ag8",13,-13,13,-13
"Ag19",12.05,-16.2,12,-17
"Ac21",-5,19,-5,19
"Ac29",-7,19,-7,19
"Af55",7,-11,7,-11
"Af2",9,-10,9,-10
"Ac31",-7,28,-7,28
"Ag20",12,-16,12,-16
"Ag22",14,-12,14,-12
"Af14",7.9,-12.8,7,-13
"Af57",8,-13,8,-13
"Cb23",14.75,-14.25,1,-14
"Cb24",12,12,12,12
"Cb2",15,-17,15,-17
"Ae1",1,30,1,30
"Ab19",-17,16,-17,16
"Ah9",10,9,10,9
"Ae7",3,25,3,25
"Ae48",5,11,5,11
"Ad1",-2,41,-2,41
"Ae49",6,10,6,10
"Ad41",1,35,1,35
"Ae50",6,11,6,11
"Ae51",5,11,5,11
"Af16",6,9,6,9
"Ah11",8,8,8,8
"Ah12",8,7,8,7
"Ae13",-2,29,-2,29
"Ac3",-11,31,-11,31
"Ad11",-9,36,-9,36
"Ad18",-7,31,-7,31
"Ae30",1,29,1,29
"Ah17",10,9,10,9
"Af17",6,9,6,9
"Ae36",1,23,1,23
"Ah18",10,10,10,10
"Ae44",4,9,4,9
"Ae37",3,23,3,23
"Ae31",2,28,2,28
"Ae19",-11,28,-11,28
"Ae2",4,9,4,9
"Ad3",-3,37,-3,37
"Ah10",10,9,10,9
"Ac10",-14,33,-14,33
"Ad13",-3,30,-3,30
"Ac12",-10,21,-10,21
"Ah13",12,5,12,5
"Ad30",-4,39,-4,39
"Ae12",4,10,4,10
"Ad31",-4,39,-4,39
"Ae40",3,14,3,14
"Ac22",-4,20,-4,20
"Af19",5,8,5,8
"Ae35",0,28,0,28
"Af18",6,8,6,8
"Ae20",-2,18,-2,18
"Ae3",1,11,1,11
"Ad19",-8,31,-8,31
"Ae52",7,10,7,10
"Ae38",2,21,2,21
"Ad7",1,32,1,32
"Ad32",-3,40,-3,40
"Ad9",1,34,1,34
"Ad24",-7,36,-7,36
"Id13",-13.99,136.8,-14,137
"Ah6",10,8,10,8
"Ad12",-1,35,-1,35
"Ae14",-5,30,-5,30
"Ad29",-6.6,39.15,-6,40
"Ad42",-1.15,31.73,-1,32
"Ad8",-8,35,-8,35
"Ab1",-21,16,-21,16
"Ae15",-2,28,-2,28
"Af20",5,8,5,8
"Ac1",-16,27,-16,27
"Ad15",-10,32,-10,32
"Ah23",8,11,8,11
"Ah2",8,10,8,10
"Ah19",10,8,10,8
"Ah20",10,8,10,8
"Ad50",-6,37,-6,37
"Ad34",-2,38,-2,38
"Ah14",11,6,11,6
"Ac32",-13,26,-13,26
"Ad38",-2,33,-2,33
"Ah1",10,8,10,8
"Ae21",-3,23,-3,23
"Ah24",7,10,7,10
"Ad43",-3,33,-3,33
"Ad4",-1,37,-1,37
"Ab21a",-10,14,-10,14
"Ae53",4,11,4,11
"Ae54",6,10,6,10
"Ac14",-7,15,-7,15
"Ad44",-1,30,-1,30
"Ae41",1,14,1,14
"Ae5",5,10,5,10
"Ac4",-5,22,-5,22
"Ae32",-1,27,-1,27
"Ac37",-15,32,-15,32
"Ae45",10,9,10,9
"Ah21",10,9,10,9
"Ae22",-4,22,-4,22
"Ad27",-7,39,-7,39
"Ac13",-11.95,34,-12,34
"Ac33",-15,31,-15,31
"Ae23",-1,23,-1,23
"Ac5",-13,28,-13,28
"Ac23",-5,21,-5,21
"Ab16",-24.8,34.2,-25,34
"Ae27",1,25,1,25
"Ab14",-24,31,-24,31
"Ab3",-15,23,-15,23
"Ac34",-10,29,-10,29
"Ae6",-8,26,-8,26
"Ac27",-13,23,-13,23
"Ad14",-8,38,-8,38
"Ac28",-12,18,-12,18
"Ae16",-6,23,-6,23
"Ac11",-12,22,-12,22
"Ae59",6,10,6,10
"Ac41",-11,40,-11,40
"Ac42",-15,39,-15,39
"Ah4",7,12,7,12
"Ac15",-5,18,-5,18
"Ad5",-4,36,-4,36
"Ab5",-12,16,-12,16
"Aa5",2,28,2,28
"Ad35",0,35,0,35
"Ae24",1,22,1,22
"Ae46",-2,10,-2,10
"Ae33",1,27,1,27
"Ab17",-20,34,-20,34
"Ab9",-20,28,-20,28
"Ac6",-11,26,-11,26
"Ae55",6,10,6,10
"Ae9",6,10,6,10
"Ah26",7,11,7,11
"Ae28",1,18,1,18
"Ae39",2,20,2,20
"Ad16",-10,34,-10,34
"Ac9",-12,33,-12,33
"Ad51",-6,38,-6,38
"Ae42",3,11,3,11
"Ab20",-15,15,-15,15
"Ae4",0,20,0,20
"Ae56",6,11,6,11
"Ae57",6,11,6,11
"Ad6",-9,34,-9,34
"Ad20",-5,33,-5,33
"Ab7",-15,14,-15,14
"Ac38",-16,36,-16,36
"Ad45",0,31,0,31
"Ac39",-13,35,-13,35
"Ad2",2,32,2,32
"Ad36",-4,38,-4,38
"Ab15",-25,30,-25,30
"Ac2",-6,20,-6,20
"Ad21",-7,31,-7,31
"Ae34",1,30,1,30
"Ac30",-18,28,-18,28
"Ad33",-1,40,-1,40
"Af4",6,8,6,8
"Ae29",2,22,2,22
"Ae47",2,10,2,10
"Ad25",-5,36,-5,36
"Ae17",-3,28,-3,28
"Ah15",11,5,11,5
"Ae10",-2,30,-2,30
"Ae8",-3,30,-3,30
"Ad17",-8,33,-8,33
"Ac24",-3,18,-3,18
"Ae43",2,16,2,16
"Ad23",-8,34,-8,34
"Ac40",-18,35,-18,35
"Ad10",-5,38,-5,38
"Ac35",-10,28,-10,28
"Ac16",-1,12,-1,12
"Ab18",-19,31,-19,31
"Ad46",1,33,1,33
"Ae18",-6,25,-6,25
"Ac25",-5,18,-5,18
"Ae11",-4,26,-4,26
"Ad39",-3,36,-3,36
"Ab8",-29,28,-29,28
"Ac17",-6,18,-6,18
"Ad22",-3,34,-3,34
"Ad47",-4,32,-4,32
"Ac18",-5,14,-5,14
"Ab2",-27,32,-27,32
"Ad37",-4,39,-4,39
"Ac19",-3,15,-3,15
"Ae25",-4,25,-4,25
"Ab4",-24,32,-24,32
"Ah25",17,11,17,11
"Ae58",6,12,6,12
"Ad40",0,35,0,35
"Ah3",7,9,7,9
"Ae26",0,24,0,24
"Ad48",1,31,1,31
"Ab13",-24,27,-24,27
"Ac36",-11.975,33.95,-12,34
"Ad26",-5,34,-5,34
"Ab6",-23,30,-23,30
"Af40",5.4,-4,5,-4
"Ah8",6,12,6,12
"Ab11",-32.85,27.9,-33,28
"Ac20",-7,17,-7,17
"Af44",5.4,-4,5,-4
"Ac26",-4,18,-4,18
"Ac7",-13,36,-13,36
"Af50",8,8,8,8
"Ah22",9,10,9,10
"Ac8",-5,13,-5,13
"Ad28",-6,39,-6,39
"Ad49",-3,31,-3,31
"Ah27",7,11,7,11
"Ab12",-29,31,-29,31
"Ai27",4,27,4,27
"Ai3",5,27,5,27
"Ai1",7,22,7,22
"Ai7",6,16,6,16
"Ai23",3,19,3,19
"Ah28",8,11,8,11
"Af56",7,-8,7,-8
"Ai12",10,14,10,14
"Ai13",8,16,8,16
"Ah30",10,12,10,12
"Ai24",6,18,6,18
"Ag25",15,10,15,10
"Ai25",4,21,4,21
"Ai14",7,14,7,14
"Ah31",9,12,9,12
"Ai15",10,14,10,14
"Ai16",9,13,9,13
"Ai26",4,22,4,22
"Ah32",9,13,9,13
"Ah33",10,12,10,12
"Ag37",11,-2,11,-2
"Ag48",9,1,9,1
"Ag5",10,-3,10,-3
"Ag30",13,-4,13,-4
"Ag38",11,-2,11,-2
"Ag39",11,-3,11,-3
"Ag44",9,0,9,0
"Ag33",11,-3,11,-3
"Ag3",15,-3,15,-3
"Ag34",11,-4,11,-4
"Ag45",12,2,12,2
"Ag40",10,-2,10,-2
"Ag49",10,2,10,2
"Ag13",11,-1,11,-1
"Ag10",10,0,10,0
"Ag35",7,-3,7,-3
"Ag41",11,0,11,0
"Ag11",10,-4,10,-4
"Ag28",14,-4,14,-4
"Ag46",10,-1,10,-1
"Ag31",12,-6,12,-6
"Ag50",11,1,11,1
"Ag47",12,-2,12,-2
"Ag12",10,-1,10,-1
"Ag42",12,-3,12,-3
"Ag32",10,-6,10,-6
"Ag51",11,1,11,1
"Ag36",11,-3,11,-3
"Ag52",11,1,11,1
"Ag43",8,-2,8,-2
"Ag2",13,-2,13,-2
"Af21",4.55,6.65,2,6
"Af38",5.25,-3,5,-3
"Af35",6,0,6,0
"Af23",6,8,6,8
"Af27",8,8,8,8
"Af12",7,-1,7,-1
"Ag4",11,-1,11,-1
"Af39",7,-4,7,-4
"Af3",7,-2,7,-2
"Ag6",11,-13,11,-13
"Af41",6,-4,6,-4
"Af45",5.25,-5,5,-5
"Af46",5,-7,5,-7
"Af9",8,-5,8,-5
"Af7",6,-7,6,-7
"Af37",6.05,0.85,3,1
"Af24",6,6,6,6
"Af32",7,3,7,3
"Af33",8,5,8,5
"Af36",7,1,7,1
"Af42",6,-1,6,-1
"Af1",7,2,7,2
"Af43",6,0,6,0
"Af28",10,10,10,10
"Af10",6,7,6,7
"Af29",7,8,7,8
"Af34",7,5,7,5
"Af30",7,7,7,7
"Af13",8,7,8,7
"Af25",5,6,5,6
"Af22",6,5,6,5
"Af31",18,8,18,8
"Af47",6,-8,6,-8
"Af48",5,-9,5,-9
"Af26",7,6,7,6
"Af8",9,6,9,6
"Af6",8,4,8,4
"Af49",6,-9,6,-9
"Ag1",13,-7,13,-7
"Ag53",12,0,12,0
"Ag7",14,-5,14,-5
"Ah29",8,11,8,11
"Ag27",9,-4,9,-4
"Af51",7,-6,7,-6
"Af54",8,-10,8,-10
"Af52",7,-6,7,-6
"Ag23",13,-11,13,-11
"Ag24",9,-11,9,-11
"Af15",7,-9,7,-9
"Ag9",11,-9,11,-9
"Af5",8,-11,8,-11
"Ai45",10,34,10,34
"Ai9",10,16,10,16
"Ag29",13,-3,13,-3
"Aj23",1,36,1,36
"Ag26",15,-13,15,-13
"Af11",11,-9,11,-9
"Af53",8,-7,8,-7
"Af58",7.05,-11.6,7,-12
"Ag54",10,-12,10,-12
"Ai21",11,17,11,17
"Ai35",7,29,7,29
"Ai29",2,30,2,30
"Ai30",2,29,2,29
"Ai31",3,30,3,30
"Ai32",3,32,3,32
"Ai33",4,32,4,32
"Ai5",3,29,3,29
"Ai11",3,28,3,28
"Ai34",5,30,5,30
"Ai28",2,26,2,26
"Aj25",0,36,0,36
"Ai22",9,18,9,18
"Aj10",3,32,3,32
"Aj17",2,31,2,31
"Ai44",8,34,8,34
"Ca32",16,38,16,38
"Aj8",5,32,5,32
"Aj18",5,35,5,35
"Aj19",4,34,4,34
"Aj11",9,29,9,29
"Aa2",0,36,0,36
"Aj13",4,31,4,31
"Aj26",1,36,1,36
"Aj21",3,34,3,34
"Ai36",8,28,8,28
"Aj14",4,31,4,31
"Cb21",8,13,8,13
"Aj9",-1,36,-1,36
"Aj15",4,32,4,32
"Aj22",3,34,3,34
"Aj4",2,33,2,33
"Aj12",4,33,4,33
"Aj6",-1,34,-1,34
"Aj2",-2,36,-2,36
"Cb22",14,0,14,0
"Aj16",6,31,6,31
"Aj7",0,35,0,35
"Aj3",8,32,8,32
"Cb8",13,5,13,5
"Aj29",1,37,1,37
"Aj27",1,35,1,35
"Ai6",10,32,10,32
"Aj20",6,35,6,35
"Aj28",-5,35,-5,35
"Aj1",2,34,2,34
"Aj24",5,34,5,34
"Aj5",4,35,4,35
"Ca33",15,37,15,37
"Cd1",23,33,23,33
"Ai8",12,30,12,30
"Cb11",16,27,16,27
"Ai43",12,29,12,29
"Cc14",17,18,17,18
"Cb18",14,14,14,14
"Cb19",12,13,12,13
"Cc2",21,17,21,17
"Ai46",9,35,9,35
"Ai47",9,35,9,35
"Cc5",18,-3,18,-3
"Cc10",18,8,18,8
"Cc8",8,2,8,2
"Cc11",25,10,25,10
"Cd7",33,-7,33,-7
"Cc15",31,-7,31,-7
"Cd11",28,-16,28,-16
"Cc12",20,2,20,2
"Cd4",36,4,36,4
"Cc4",33,4,33,4
"Cd3",35,-4,35,-4
"Cd8",36,7,36,7
"Cd5",30,-9,30,-9
"Cc3",29,26,29,26
"Cd9",28,-11,28,-11
"Cc9",23,6,23,6
"Cc13",16,0,16,0
"Cd10",34,-2,34,-2
"Ca34",24,34,24,34
"Ca6",12,42,12,42
"Ca35",20,36,20,36
"Ca27",9,35,9,35
"Ca18",5,37,5,37
"Ca11",8,40,8,40
"Ca40",6,38,6,38
"Ca23",6,37,6,37
"Ca19",6,36,6,36
"Ca28",6,37,6,37
"Ca36",18,38,18,38
"Ca5",20,35,20,35
"Ca37",16,36,16,36
"Ca14",5,38,5,38
"Ca15",6,38,6,38
"Ca24",6,36,6,36
"Ca41",6,38,6,38
"Ca10",10,43,10,43
"Ca20",5,36,5,36
"Ca12",8,37,8,37
"Ca9",-4,36,-4,36
"Ca21",5,36,5,36
"Ca4",-4,35,-4,35
"Ca29",8,38,8,38
"Ca39",8,37,8,37
"Ca30",7,36,7,36
"Ca1",6,37,6,37
"Ca13",9,37,9,37
"Ca22",6,37,6,37
"Ca42",7,36,7,36
"Ca25",6,37,6,37
"Ca16",7,38,7,38
"Ca2",8,48,8,48
"Ca17",5,37,5,37
"Ca26",6,37,6,37
"Ah16",9,9,9,9
"Cb27",10,12,10,12
"Ah34",10,13,10,13
"Cb7",11,11,11,11
"Cb5",13,15,13,15
"Ah35",10,12,10,12
"Cb28",10,12,10,12
"Ai17",10,14,10,14
"Ah36",10,13,10,13
"Cb9",12,9,12,9
"Ah37",10,13,10,13
"Ah38",11,14,11,14
"Cb10",12,11,12,11
"Ai18",12,15,12,15
"Cb1",12,10,12,10
"Ah5",11,13,11,13
"Ah7",11,14,11,14
"Ai19",11,15,11,15
"Cb29",12,10,12,10
"Ah39",11,14,11,14
"Cb25",14,8,14,8
"Cb6",11,12,11,12
"Ai20",10,15,10,15
"Cb26",11,8,11,8
"Cd6",30,31,30,31
"Cd12",31,2,31,2
"Ca7",13,38,13,38
"Cj4",32,45,32,45
"Cc7",20,-5,20,-5
"Cc16",32,3,32,3
"Cc17",22,-15,22,-15
"Cj8",33,35,33,35
"Cd2",25,33,25,33
"Ca31",12,37,12,37
"Cb12",13,32,13,32
"Ca8",8,38,8,38
"Cb13",11,25,11,25
"Cd13",30,9,30,9
"Cd14",35,2,35,2
"Cb4",14,32,14,32
"Cj3",32,35,32,35
"Cb14",11,20,11,20
"Cd15",35,-5,35,-5
"Cj6",32,36,32,36
"Cc6",17,31,17,31
"Cc18",19,-1,19,-1
"Cj7",34,36,34,36
"Cj10",31,47,31,47
"Cb15",11,28,11,28
"Cd16",33,-8,33,-8
"Cj5",28,47,28,47
"Cd17",35,5,35,5
"Cc1",22,-13,22,-13
"Cj2",33,37,33,37
"Cd18",30,28,30,28
"Cd19",35,11,35,11
"Cd20",31,22,31,22
"Cb16",13,15,13,15
"Cj1",36,36,36,36
"Ca38",17,39,17,39
"Ca3",14,39,14,39
"Cc19",18,-15,18,-15
"Cd21",37,10,37,10
"Cj9",15,45,15,45
"Cc20",18,-8,18,-8
"Ee1",28,95,28,95
"Ei11",25,94,25,94
"Ej7",21,100,21,100
"Ei13",26,94,26,94
"Ei14",27,94,27,94
"Ei3",20,95,20,95
"Ei19",22,94,22,94
"Ei1",26,91,26,91
"Ei5",26,97,26,97
"Ei7",17,97,17,97
"Ei4",22,93,22,93
"Ee3",28,89,28,89
"Ei2",27,94,27,94
"Ch4",43,46,43,46
"Ee8",28,84,28,84
"Ed8",26,100,26,100
"Ei9",20.6,92.6,20,92
"Ei6",25,94,25,94
"Ei16",26,95,26,95
"Ee6",28,87,28,87
"Ei12",25,94,25,94
"Ee4",30,91,30,91
"Ci2",43,45,43,45
"Ci5",38,30,38,30
"Ea12",30,52,30,52
"Eg1",16,79,16,79
"Eg5",12,76,12,76
"Eb3",46,97,46,97
"Eg11",19,78,19,78
"Eg3",19,81,19,81
"Eg13",20,81,20,81
"Ef6",23,85,23,85
"Eg14",18,82,18,82
"Eg2",11,79,11,79
"Eg10",18,79,18,79
"Eg4",12,77,12,77
"Ej5",12,105,12,105
"Ej15",13,104,13,104
"Ej2",12,107,12,107
"Ei8",26,92,26,92
"Ej1",20,101,20,101
"Ej12",18,98,18,98
"Eh5",7.05,93.7,9,92
"Ei18",23,97,23,97
"Eg9",22,81,22,81
"Eb7",41,115,41,115
"Ef4",22,85,22,85
"Ed10",37,118,37,118
"Ef1",24,87,24,87
"Ej3",5,101,5,101
"Ej14",4,102,4,102
"Ej4",17,107,17,107
"Ej13",21,105,21,105
"Ih5",-21.35,165.25,-22,165
"Ic2",-8,125,-8,125
"Ic11",-3.63,128.1,-4,128
"Ia9",22.5,120.9,22,121
"Eh9",-23,47.7,-23,48
"Eh7",-25,46,-25,46
"Ia1",24,121,24,121
"Ig13",-1.8,142.8,-2,143
"Ia13",-5.17,120,5,120
"Ib3",-8,115,-8,115
"Ib4",2,99,2,99
"Ic3",-8.9,125.9,-9,126
"If12",12,165,12,165
"Ia8",17,121,17,121
"Ih3",-16,168,-16,168
"Ia10",24,121,24,121
"Ie28",-7,147,-7,147
"If15",15.1,145.9,15,146
"Ej11",11,108,11,108
"If8",13.7,144.7,15,145
"Ig12",-6.7,156.55,-6,156
"Ig14",-10,150,-10,150
"Ig5",-10,151,-10,151
"Ib5",6,117,6,117
"Ij9",-27,-109,-27,-190
"Ii4",-7.9,178.7,-8,178
"Ii8",-14.2,-178.1,-14,-178
"If7",-2,174,-2,174
"Ia5",13,121,13,121
"Ij6",20,-155.9,20,-156
"Ib1",2,112,2,112
"Ia3",17,121,17,121
"If4",7,147,7,147
"Ic7",-8,123,-8,123
"Ib2",-7,110,-7,110
"Ia16",18,121,18,121
"Ig20",-10,161,-10,161
"Ii7",1.1,154.9,1,155
"Ic8",-5.7,132.95,-6,133
"Ib8",-3,103,-3,103
"Ig3",-5.6,154.85,-5,154
"If11",5.3,162.95,5,163
"Ig7",-5,151,-5,151
"If16",7.3,143.8,7,146
"Ih4",-18,179,-18,179
"Ig4",-3.15,151.65,-3,153
"Ih7",-21,164.75,-21,163
"Ic1",-5.1,119.45,-5,119
"If3",7.1,171.1,7,171
"If14",3.1,173.1,3,173
"Ej8",5,103,5,103
"Ie29",-4.3,145,-4,145
"Ij1",-21.9,-158,-22,-158
"Ij7",-20,-134,-20,-134
"Ij4",-10.2,-160.55,-10,-160
"Ia15",8,126,8,126
"Ig9",-2,147,-2,147
"Ij2",-37,175,-35,175
"Ij3",-8.9,-140.1,-9,-140
"If17",6,169,6,169
"Ih14",-18,179,-18,179
"Ib7",-3,100,-3,100
"Eh2",-19,46,-19,46
"Ib6",-1,101,-1,101
"Ih1",-13.7,167.7,-14,168
"Ie10",-9,147,-9,147
"If13",-0.9,166.6,-1,166
"Ej16",21,102,21,102
"Ii9",-19,-169.8,-19,-169
"Ii5",-5,160,-5,160
"Ia6",22,120.75,22,121
"If1",7.3,134.7,7,135
"If5",7,158,7,158
"Ii3",-10.9,-165.9,-11,-166
"Ia11",23,121,23,121
"Ij5",-16,-142,-16,-142
"Ii10",-11.7,160.3,-12,160
"Ej10",13,108,13,108
"Ic4",-10.8,123,-11,123
"Ih6",-12.7,177.1,-13,177
"Ia2",17,121,17,121
"Eh8",-21,44,-21,41
"Ii1",-14.1,-170.75,-14,-170
"Ej6",12,98,12,98
"Ih2",-16.5,167.5,-17,167
"Ia4",8,123,8,123
"Ia12",10,124,10,124
"Ic9",-10,120,-10,120
"Ic12",-4,118,-4,118
"Ia7",10.1,119,10,119
"Ij8",-17.7,-149.55,-18,-150
"Eh3",-22,47,-22,47
"Ig21",-4.3,153,-3,153
"Ic6",-8,131,-8,131
"Ih10",-19.5,169.3,-20,168
"Ii2",-12,168,-12,168
"Ii6",-9.1,-171.9,-9,-172
"Ii12",-19.9,-174.1,-20,-174
"Ij10",-9,-158.1,-9,-158
"Ic5",-2,121,-2,121
"Ig2",-8.6,151.1,-8,151
"If2",7.4,151.9,7,152
"Ig6",-10,161,-10,161
"If9",10,139.9,10,140
"Ii14",-14,172,-14,172
"Ig10",-2,147,-2,147
"Ii13",-13.1,-176.1,-13,-176
"Ih8",-17.6,178.4,-17,179
"Ie6",-2,137,-2,137
"Ie4",-3.8,144,-3,144
"Ia14",22.7,121.1,22,122
"If6",9.55,138.15,9,138
"Ie22",-9,147,-9,147
"Ih9",-10.7,165.9,-11,166
"Ie15",4,-145,4,-145
"Ie3",-4,144,-4,144
"Ie27",-4.3,145,-4,145
"Ie38",-4,139,-4,139
"Ie39",-7.7,145,-8,145
"Ie7",-6,144,-6,144
"Ie31",-6,145,-6,145
"Ie35",-4,143,-4,143
"Ie11",-6,144,-6,144
"Ie1",-4,136,-4,136
"Ed15b",31,120,31,120
"Ed2",29,103,29,103
"Ie13",-9,143,-9,143
"Ie24",-9,148,-9,148
"Ie20",-9,147,-9,147
"Ie16",-6,143,-6,143
"Ie12",-4,142,-4,142
"Ed6",24,115,24,115
"Ie21",-10,149,-10,149
"Ed9",19,109,19,109
"Ie30",-4,135,-4,135
"Ie14",-9.9,143.9,-10,144
"Eg6",11,76,11,76
"Eg7",21,85,21,85
"Ie9",-9,148,-9,148
"Ie8",-7,145,-7,145
"Ig11",-11.4,154.1,-9,154
"Ie17",-6,145,-6,145
"Ie32",-6,147,-6,147
"Eg8",22,85,22,85
"Ej9",15,100,15,100
"Ic10",1,128,1,128
"Ie2",-7,147,-7,147
"Id11",-12,135,-12,135
"Id3",-12,131,-12,131
"Id1",-24,134,-24,134
"Id4",-28,138,-28,138
"Id5",-21,118,-21,118
"Id2",-12,136,-12,136
"Id10",-22,132,-22,132
"Id6",-14,142,-14,142
"Id9",-32,146,-32,146
"Id12",-15,142,-15,142
"Ie18",-7.45,138.4,-7,138
"Ie19",-8,139,-8,139
"Ce1",42,20,42,20
"Ch9",55,24,55,24
"Cg3",53,-9,53,-9
"Cf2",-16,28,-16,28
"Cg1",53,7,53,7
"Cg2",64,-20,64,-20
"Cf1",42,-73,42,-73
"Cf3",-37.1,-12.1,-37,-12
"Ce7",39,23,39,23
"Ef2",23,88,23,88
"Ef5",22,74,22,74
"Ei10",23,92,23,92
"Ee5",35,73,35,73
"Ef9",20,77,20,77
"Ef8",34,75,34,75
"Ea4",35,73,35,73
"Ea5",36,71,36,71
"Ef7",30,78,30,78
"Ea13",32,73,32,73
"Ea1",25,68,25,68
"Eh6",7,80,7,80
"Ef11",26,83,26,83
"Eh4",8,81,8,81
"Ci10",40,45,40,45
"Ea11",33,68,33,68
"Ea8",33,48,33,48
"Ea6",30,34,30,34
"Ea3",35,66,35,66
"Ea9",36,52,36,52
"Ci11",32,44,32,44
"Ea10",30,69,30,69
"Ci6",43,44,43,44
"Ea2",35,72,35,72
"Cf4",-14.13,-51.85,-43,-47
"Se7",-18,-63,-18,-63
"Sc18",5,-54,5,-54
"Cf5",47,-72,47,-72
"Sb9",18.15,-72,18,-72
"Ce5",41.35,13,41,13
"Ce2",42,-7,42,-7
"Ce3",42,12,42,12
"Sc6",4,-56,4,-56
"Ce6",37,-6,37,-6
"Cg5",50,5,50,5
"Ch5",43,24,43,24
"Ch6",55,28,55,28
"Ch3",50,16,50,16
"Ch2",49,24,49,24
"Ch11",53,41,53,41
"Ch1",44,20,44,20
"Ch7",48,36,48,36
"Ci12",43,41,43,41
"Ci4",44,42,44,42
"Ci7",43,46,43,46
"Ci8",42,45,42,45
"Ie23",-6,141,-6,141
"Ci9",43,43,43,43
"Ie25",-8,147,-8,147
"Ch8",47,20,47,20
"Cg4",68,22,68,22
"Ec11",59,90,59,90
"Ec4",68,75,68,75
"Ec10",62,74,62,74
"Ec9",47,132,47,132
"Ed3",45,126,45,126
"Eb6",52,107,52,107
"Ie26",-6,146,-6,146
"Eb4",49,125,49,125
"Ci1",46,46,46,46
"Ie33",-2,138,-2,138
"Ea7",34,63,34,63
"Eb2",39,100,39,100
"Eb1",48,70,48,70
"Ci3",42,48,42,48
"Ie5",-9,142,-9,142
"Eb5",38,62,38,62
"Ig1",-6,155,-6,155
"Ec2",65,125,65,125
"Ed5",35,136,35,136
"Ed7",26.3,127.8,26,128
"Ec3",66,177,66,177
"Ec5",62,164,62,164
"Ed4",26,107,26,107
"Na9",54,-167,54,-167
"Na11",63.1,-170,63,-170
"Na13",65.5,-64.95,65,-65
"Na21",63,-96,63,-96
"Na10",60.27,-147,60,-147
"Na3",69,-110,69,-110
"Na25",68.3,-53,69,-53
"Na12",68,-152,68,-152
"Na23",58,-65,58,-65
"Na43",69,-96,69,-96
"Na16",65,-119,65,-119
"Na6",60,-166,60,-166
"Na14",78,-70,78,-70
"Na2",71,-157,71,-157
"Na22",70,-81.85,70,-82
"Na24",66,-37,66,-37
"Na34",52,-94,52,-94
"Na29",58,-117,58,-117
"Na19",54,-124,54,-124
"Na35",50,-88,50,-88
"Na30",60,-105,60,-105
"Na15",63,-117,63,-117
"Na8",62,-160,62,-160
"Na4",59,-128,59,-128
"Na20",66,-135,66,-135
"Na1",63,-141,63,-141
"Ne7",54,-110,54,-110
"Na38",46,-92,46,-92
"Na28",56,-123,56,-123
"Na17",61,-120,61,-120
"Na27",58,-131,58,-131
"Na26",62.1,-144.1,62,-144
"Nb35",41,-123,41,-123
"Na44",62,-76,62,-76
"Nb38",40,-124,40,-124
"Na45",52,72,52,72
"Nb6",42,-124,42,-124
"Nb31",42,-124,42,-124
"Nh1",31,-108,31,-108
"Nh16",36,-104,36,-104
"Ne2",36,-99,36,-99
"Nh24",30,-100,30,-100
"Nh15",33,-103,33,-103
"Nh3",37,-110,37,-110
"Nh17",34,-110,34,-110
"Nb23",52,-128,52,-128
"Na7",53,-83,53,-83
"Nb3",51,-128,51,-128
"Nb24",48,-125,48,-125
"Nb11",49.1,-125.7,49,-126
"Nc12",40,-121,40,-121
"Nc13",39,-121,39,-121
"Nc21",38,-123,38,-123
"Nc5",38,-120,38,-120
"Nc1",39,-122,39,-122
"Nc22",39,-122,39,-122
"Nc14",41,-122,41,-122
"Nc24",36,-120,36,-120
"Nb10",53,-126,53,-126
"Nc3",36,-120,36,-120
"Nb19",46,-124,46,-124
"Nd18",46,-121,46,-121
"Nb30",42,-123,42,-123
"Nc8",43,-122,43,-122
"Nc9",42,-122,42,-122
"Nd17",46,-122,46,-122
"Nd20",45,-115,45,-115
"Nd1",45,-121,45,-121
"Nd19",46,-119,46,-119
"Nb28",44,-124,44,-124
"Nb29",44,-124,44,-124
"Ng12",33,-88,33,-88
"Ng3",33,-84,33,-84
"Ng7",32,-91,32,-91
"Nb12",51,-125,51,-125
"Ng8",27,-82,27,-82
"Nb27",49,-122,49,-122
"Nb37",40,-123,40,-123
"Nc20",38,-123,38,-123
"Nc7",40,-123,40,-123
"Nb9",52,-127,52,-127
"Nd14",48,-117,48,-117
"Nb14",50,-125,50,-125
"Nb26",49,-123,49,-123
"Nd12",46,-113,46,-113
"Nd13",49,-117,49,-117
"Nb39",40,-124,40,-124
"Nb16",48,-123,48,-123
"Nd9",50,-125,50,-125
"Nb15",49,-123,49,-123
"Nb17",47,-122,47,-122
"Nb25",47,-124,47,-124
"Nd4",48,-119,48,-119
"Nd11",51,-120,51,-120
"Nb8",54,-129,54,-129
"Nb13",50,-123,50,-123
"Nc15",39,-124,39,-124
"Nd10",50,-122,50,-122
"Nb20",45,-124,45,-124
"Nb2",48,-123,48,-123
"Nd16",48,-121,48,-121
"Ne9",40,-103,40,-103
"Ne12",51,-112,51,-112
"Ne13",51,-115,51,-115
"Nc16",39,-123,39,-123
"Ne5",39,-104,39,-104
"Na36",49,-96,49,-96
"Nc25",36,-119,36,-119
"Ng6",41,-75,41,-75
"Na31",51,-85,51,-85
"Na39",46,-85,46,-85
"Nd15",49,-120,49,-120
"Ne1",49,-109,49,-109
"Nd65",36,-114,36,-114
"Nf9",46,-88,46,-88
"Nf4",40,-86,40,-86
"Na41",47,-65,47,-65
"Nd67",34,-114,34,-114
"Na32",48,-72,48,-72
"Na5",58,-70,58,-70
"Nd8",52,-122,52,-122
"Na33",52,-98,52,-98
"Nf1",52,-94,52,-94
"Na40",46,-82,46,-82
"Ne14",51,-100,51,-100
"Ng4",45,-68,45,-68
"Ne18",49,-115,49,-115
"Ne19",45,-94,45,-94
"Na42",44,-85,44,-85
"Na37",49,-92,49,-92
"Nf13",37,-85,37,-85
"Nb36",40,-124,40,-124
"Nb4",41,-124,41,-124
"Nb18",48,-125,48,-125
"Ne11",48,-106,48,-106
"Ng9",35,-80,35,-80
"Ne4",45,-108,45,-108
"Ne15",47,-101,47,-101
"Nf10",41,-95,41,-95
"Ne6",47,-101,47,-101
"Nf3",41,-96,41,-96
"Nf11",40,-95,40,-95
"Nf12",43,-99,43,-99
"Ne20",45,-94,45,-94
"Ne8",43,-103,43,-103
"Nf2",44,-88,44,-88
"Ne10",46,-101,46,-101
"Nf14",33,-93,33,-93
"Nf7",45,-95,45,-95
"Nf6",42,-100,42,-100
"Nf5",34,-98,34,-98
"Ng5",36,-83,36,-83
"Ng1",44.1,-78,44,-78
"Ng10",43,-77,43,-77
"Nh13",35,-108,35,-108
"Nh7",36,-106,36,-106
"Nh14",35,-107,35,-107
"Nh12",35,-107,35,-107
"Nf8",31,-95,31,-95
"Nb33",41,-123,41,-123
"Nc26",36,-121,36,-121
"Nb34",42,-123,42,-123
"Nc18",39,-123,39,-123
"Nc17",39,-123,39,-123
"Nc19",38,-123,38,-123
"Nc10",41,-121,41,-121
"Nc4",41,-121,41,-121
"Nb32",41,-122,41,-122
"Nh19",32,-115,32,-115
"Nc6",32,-116,32,-116
"Nd3",36,-112,36,-112
"Ng2",27,-81,27,-81
"Nh23",34,-111,34,-111
"Nc34",31,-115,31,-115
"Nh5",33,-113,33,-113
"Nh21",35,-114,35,-114
"Nh20",33,-115,33,-115
"Nh25",36,-107,36,-107
"Nd66",35,-112,35,-112
"Nh22",33,-114,33,-114
"Nc11",41,-122,41,-122
"Nj2",19,-99,19,-99
"Ni3",23,-104,23,-104
"Nj9",19,-98,19,-98
"Ni2",31,-112,31,-112
"Ni6",31,-111,31,-111
"Ni1",28,-107,28,-107
"Ni7",28,-110,28,-110
"Nd46",44,-112,44,-112
"Nd49",37,-110,37,-110
"Nd23",42,-118,42,-118
"Nd63",43,-112,43,-112
"Nd33",37,-116,37,-116
"Nd45",43,-112,43,-112
"Nc31",33,-116,33,-116
"Nd54",35,-115,35,-115
"Ne3",33,-100,33,-100
"Nc32",33,-117,33,-117
"Nd30",37,-118,37,-118
"Nd42",41,-116,41,-116
"Nd38",39,-115,39,-115
"Nc29",34,-118,34,-118
"Nd48",40,-114,40,-114
"Nd37",39,-116,39,-116
"Nh18",36,-111,36,-111
"Nd5",42,-112,42,-112
"Nd53",36,-113,36,-113
"Nc27",35,-118,35,-118
"Nd24",42,-120,42,-120
"Nd31",36,-118,36,-118
"Nd27",40,-119,40,-119
"Nd55",36,-115,36,-115
"Nd34",37,-117,37,-117
"Nc33",33,-117,33,-117
"Nd35",39,-117,39,-117
"Nd60",37,-105,37,-105
"Nd59",39,-112,39,-112
"Nd51",36,-115,36,-115
"Nc23",37,-119,37,-119
"Nd57",39,-113,39,-113
"Nd32",36,-117,36,-117
"Nd50",38,-112,38,-112
"Nd56",36,-111,36,-111
"Nd25",41,-118,41,-118
"Nc30",34,-117,34,-117
"Nd52",36,-117,36,-117
"Nd2",38,-109,38,-109
"Nd39",40,-115,40,-115
"Nd21",43,-117,43,-117
"Nd61",40,-105,40,-105
"Nd28",40,-118,40,-118
"Nd40",40,-113,40,-113
"Nc2",39,-118,39,-118
"Nd47",44,-111,44,-111
"Nd29",37,-118,37,-118
"Nd58",40,-112,40,-112
"Nd62",39,-107,39,-107
"Nd22",43,-119,43,-119
"Nd41",41,-116,41,-116
"Nd26",41,-120,41,-120
"Nd43",41,-117,41,-117
"Nd64",43,-109,43,-109
"Nd36",39,-117,39,-117
"Nd44",42,-115,42,-115
"Nh2",36,-111,36,-111
"Nh11",36,-106,36,-106
"Nh10",35,-107,35,-107
"Nh9",36,-106,36,-106
"Nh6",37,-106,37,-106
"Nh8",36,-107,36,-107
"Sa11",14,-91,14,-91
"Sa3",14,-89,14,-89
"Sa10",17,-92,17,-92
"Sa8",15,-92,15,-92
"Sa13",15,-91,15,-91
"Sa6",18,-90,18,-90
"Nj6",16.215,-95.02,16,-95
"Nj7",17,-95,17,-95
"Nj3",18,-95,18,-95
"Ni5",22,-100,22,-100
"Nj10",17,-96,17,-96
"Si3",-14,-55,-14,-55
"Sb1",14.83,-61.179,15,-61
"Sa7",16,-89,16,-89
"Sb2",11,-74,11,-74
"Sc11",6,-63,6,-63
"Sb4",9,-64,9,-64
"Si10",-13,-54,-13,-54
"Sc12",4,-59,4,-59
"Sc13",6,-66,6,-66
"Sc15",4,-62,4,-62
"Sc10",6,-57,6,-57
"Sd7",1,-59,1,-59
"Sc7",5,-66,5,-66
"Sc16",3,-65,3,-65
"Sb7",9,-72,9,-72
"Se4",-3,-72,-3,-72
"Se6",-1,-74,-1,-74
"Sa5",9,-83,9,-83
"Sc3",5,-59,5,-59
"Sf3",1,-79,1,-79
"Sf6",5,-72,5,-72
"Sa1",9,-78,9,-78
"Sf5",3,-76,3,-76
"Sf4",7,-72,7,-72
"Sa9",13,-85,13,-85
"Sj7",-6,-49,-6,-49
"Sd4",2,-65,2,-65
"Sd5",-4,-57,-4,-57
"Sj11",-14,-52,-14,-52
"Se10",1,-79,1,-79
"Si1",-16,-55,-16,-55
"Sf1",-13,-72,-13,-72
"Sj3",-28,-50,-28,-50
"Sh3",-29,-61,-29,-61
"Sh4",-22,-57,-22,-57
"Sh8",-25,-60,-25,-60
"Sh5",-22,-62,-22,-62
"Sh1",-24,-63,-24,-63
"Sh9",-23,-59,-23,-59
"Se8",-10,-72,-10,-72
"Se11",-12,-67,-12,-67
"Se9",-9,-74,-9,-74
"Sh6",-20,-59,-20,-59
"Si5",-12,-54,-12,-54
"Sj10",-26,-54,-26,-54
"Sh7",-20,-63,-20,-63
"Si8",-15,-57,-15,-57
"Sj2",-9,-48,-9,-48
"Sd1",-6,-58,-6,-58
"Se1",-16,-64,-16,-64
"Sd2",-11,-52,-11,-52
"Sj6",-3,-46,-3,-46
"Sj8",-8,-35.4,-8,-35
"Se5",1,-71,1,-71
"Sf7",-8,-75,-8,-75
"Sc9",5,-67,5,-67
"Sb6",12,-72,12,-72
"Sj4",-7,-45,-7,-45
"Sd3",3,-52,3,-52
"Sb5",11,-72,11,-72
"Si7",-15,-58,-15,-58
"Sc17",6,-68,6,-68
"Sb8",20,-75,19,-75
"Sh2",-21,-58,-21,-58
"Sc5",3,-60,3,-60
"Sg2",-39,-68,-39,-68
"Sg3",-54,-69,-54,-69
"Sg4",-46,-70,-46,-70
"Sf2",-16,-69,-16,-69
"Sj9",-8,-52,-8,-52
"Ec7",44,144,44,144
"Sg5",-52,-74,-52,-74
"Eh1",12,92.6,12,93
"Ce4",43,-1,43,-1
"Sj5",-18,-42,-18,-42
"Ee2",37,75,37,75
"Sj1",-12,-50,-12,-50
"Nj1",18,-96,18,-96
"Sa4",8,-78,8,-78
"Nc28",34.4,-119.75,34,-120
"Nb21",43,-124,43,-124
"Nb5",60,-145,60,-145
"Cb17",12,24,12,24
"Ec1",53,142,53,142
"Sc4",5,-69,5,-69
"Si6",-19,-58,-19,-58
"Nb1",54,-132,54,-132
"Se3",-3,-78,-3,-78
"Ne16",29,-96,29,-96
"Ec8",62,90,62,90
"Ne17",36,-99,36,-99
"Ed1",35,102,35,102
"Nd7",50,-117,50,-117
"Sa12",14,-88,14,-88
"Si4",-12,-59,-12,-59
"Sc8",5,-67,5,-67
"Sd8",4,-66,4,-66
"Ni4",29,-112,29,-112
"Sd6",4,-63,4,-63
"Cb3",17,-1,17,-1
"Ce8",43,-2,43,-2
"Nj8",19,-101,19,-101
"Id8",-42,146,-42,146
"Nb22",58,-134,58,-134
"Nj4",20,-97,20,-97
"Si2",-12,-53,-12,-53
"Nb7",55,-130,55,-130
"Se2",-3,-70,-3,-70
"Sc1",9,-62,9,-62
"Nd6",39,-120,39,-120
"Sg1",-55,-69,-55,-69
"Sd9",2,-65,2,-65
"Sc2",7,-68,7,-68
"Ng11",35,-86,35,-86
"Ec6",70,145,70,145
"Cb20",13,3,13,3
"Nh4",35,-109,35,-109
"ec12",72,90,72,90
"ec13",54.95,167.95,55,168
"ec14",64,173,64,173
"ec15",63,62,63,62
"ec16",55,112,55,112
"ec17",52,134,52,134
"ec18",50,136,50,136
"ec19",54.05,142.1,54,142
"ec20",51,138,51,138
"ec21",47,136,47,136
"ch12",54,56,54,56
"ch13",58,52,58,52
"ch14",57,53,57,53
"ch15",53,50,53,50
"ch16",59,26,59,26
"ch17",45,29,45,29
"ch18",59,29,59,29
"ch19",64,33,64,33
"ch20",55,50,55,50
"ch21",57,24,57,24
"ch22",55,23,55,23
"ch23",55,24,55,24
"ch24",57,23,57,23
"ch25",47,29,47,29
"ch26",57,53,57,53
"ch27",61,35,61,35
"ch28",59,29,59,29
"B1",3,114,3,114
"B2",10.15,119.11,10,119.11
"B3",-3.04,102.69,-3.04,102.69
"B4",7,93.77,7,93.77
"B5",10.7,92.47,10.7,92.47
"B6",12.19,92.79,12.19,92.37
"B7",15.5,120.33,15.5,120.33
"B8",13.32,92.89,13.32,92.89
"B9",5.86,101,5.86,101
"B10",8.28,81.25,8.58,81.25
"B11",9.25,77.25,9.25,77.25
"B12",17.33,122.13,17.33,122.13
"B13",17.48,122.05,17.48,122.05
"B14",17.82,121.8,17.82,121.8
"B15",16.25,78.97,16.25,78.97
"B16",18.41,100.47,18.41,100.47
"B17",9.75,77.5,9.75,77.5
"B18",23.41,84.38,23.41,84.38
"B19",10.25,77.17,10.25,77.17
"B20",10.18,76.4,10.18,76.4
"B21",11.9,77.21,11.9,77.21
"B22",44.01,144.17,44.01,144.17
"B23",51.91,122.5,51.91,122.5
"B24",62,90,62,90
"B25",51.54,140,51.54,140
"B26",70,145,70,145
"B27",73.83,90,73.83,90
"B28",65.96,170.08,65.96,170.08
"B35",9.9,-72.41,9.9,-72.41
"B36",3.86,-66.17,3.86,-66.17
"B37",3,-55,3,-55
"B38",6.85,-68.77,6.85,-68.77
"B39",5.38,-68.31,5.38,-68.31
"B40",2.56,-71.81,2.56,-71.81
"B41",-16.63,-55.2,16.52,-55
"B42",-18,-57.5,-18,-57.5
"B43",-15,-63.58,-15,-63.58
"B44",-16.46,-64.97,-16.46,-64.97
"B45",-12.73,-59.55,-12.73,-59.55
"B46",26.75,-81.9,-26.5,-82
"B47",-25.7,-55.38,-25.7,-55.38
"B48",-18.71,-41.86,-18.71,-41.86
"B49",-23.52,-53.68,-23.52,-53.68
"B50",-28,-50,-28,-50
"B51",-46,-68.7,-46,-68.7
"B52",-45,-73.83,-45,-73.83
"B53",-49.55,-74.52,-49.55,-74.52
"B54",-53.9,-68.62,-53.9,-68.62
"B55",-55.5,-68.41,-60,-68.66
"B60",2,17,2,17
"B61",3.58,17.76,3.58,17.76
"B62",-6.64,28.26,-6.64,28.26
"B63",2.39,15.31,2.39,15.31
"B64",2.7,27.64,2.7,27.64
"B65",1.54,28.61,1.54,28.61
"B66",-22.32,43.81,-22.32,43.81
"B67",-16.93,24.32,-16.93,24.32
"B68",-18.65,16.12,-18.65,16.12
"B69",-3.82,35.32,-3.82,35.32
"B70",0,36,0,36
"B71",-16.42,19.53,-16.42,19.53
"B72",-20,21.18,-20,21.18
"B73",-21.64,21.61,-21.64,21.61
"B74",-22.46,23.39,-22.46,23.39
"B75",-22.88,24.41,-22.88,24.41
"B76",-23.86,22.2,-23.86,22.2
"B77",-27.37,19.82,-27.37,19.82
"B78",-26.28,30.23,-26.28,30.23
"B79",-31.47,19.77,-31.47,19.77
"B82",-10.77,142.12,-10.77,142.12
"B83",-12.6,130.78,-12.6,130.78
"B84",-12.43,134.12,-12.43,134.12
"B85",-12.31,135.2,-12.31,135.2
"B86",-12.2,134.73,-12.2,134.73
"B87",-12.18,134.4,-12.18,134.4
"B88",-12.93,135.84,-12.93,135.84
"B89",-15.55,128.19,-15.55,128.19
"B90",-13.47,142,-13.47,142
"B91",-13.13,132.95,-13.13,132.95
"B92",-13.76,135.98,-13.76,135.98
"B93",-14,143.5,-14,143.5
"B94",-15,142.17,-15,142.17
"B95",-11.59,130.87,-11.59,130.87
"B96",-15.92,145.32,-15.92,145.32
"B97",-14,136.62,-14,136.62
"B98",-14.34,144.22,-14.34,144.22
"B99",-13.58,130.58,-13.58,130.58
"B100",-15.32,124.72,-15.32,124.72
"B101",-16.91,127.83,-16.91,127.83
"B102",-16.3,139.3,-16.3,139.3
"B103",-16.94,139.28,-16.94,139.28
"B104",-19.17,121.46,-18.92,121.21
"B105",-17.64,145.84,-17.64,145.84
"B106",-20.88,118.27,-20.88,118.27
"B107",-18.41,145.61,-18.41,145.61
"B108",-19.16,130,-19.16,130
"B109",-20,130.57,-20,130.57
"B110",-17.36,145.56,-17.36,145.56
"B111",-22.79,125.06,-22.79,125.06
"B112",-22.93,127.18,-22.93,127.18
"B113",-22.86,129.44,-22.86,129.44
"B114",-27.28,153.24,-27.28,153.24
"B115",-27.25,152.87,-27.25,152.87
"B116",-24.41,141.64,-24.41,141.64
"B117",-22.27,135.17,-22.27,135.17
"B118",-25.32,127.27,-25.32,127.27
"B119",-29.59,152.78,-29.59,152.78
"B120",-26,130,-26,130
"B121",-28.54,139.09,-28.54,139.09
"B122",-26.09,135.52,-26.09,135.52
"B123",-27,131.95,-27,131.95
"B124",-23.7,133.76,-23.7,133.76
"B125",-29.3,147.25,-29.3,147.25
"B126",-27.31,128.19,-27.31,128.19
"B127",-30.38,131.81,-30.38,131.81
"B128",-32.4,142.25,-32.4,142.25
"B129",-34.56,138.4,-34.56,138.4
"B130",-32.14,146.09,-32.14,146.09
"B131",-35.06,139.29,-35.06,139.29
"B132",-34.95,117.81,-34.95,117.81
"B133",-35.86,141.38,-35.86,141.38
"B134",-38.33,144.97,-38.93,145.07
"B135",-37.59,147.42,-37.59,147.42
"B136",-42.62,147.49,-42.62,147.49
"B137",-41.38,145.21,-41.38,145.21
"B143",29.59,-112.18,29.59,-112.18
"B144",33.59,-116.24,33.59,-116.24
"B145",33.26,-116.59,33.26,-116.59
"B146",31.44,-115.25,31.44,-115.25
"B147",32.44,-116.49,32.44,-116.49
"B148",36,-119.83,36,-119.83
"B149",34.52,-117,34.52,-117
"B150",33.42,-117.3,33.42,-117.3
"B151",36.45,-118.96,36.45,-118.96
"B152",36,-118.32,36,-118.32
"B153",40,-122.56,40,-122.56
"B154",37.44,-120.44,37.44,-120.44
"B155",39.08,-122.05,39.08,-122.05
"B156",34,-118,34,-118
"B157",36.6,-117.08,36.6,-117.08
"B158",39.03,-122.94,39.03,-122.94
"B159",39.12,-122.94,39.12,-122.94
"B160",40.9,-122.35,40.9,-122.35
"B161",34.63,-119.6,34.63,-119.6
"B162",40.85,-123.3,40.85,-123.3
"B163",39.03,-121.15,39.03,-121.15
"B164",35.47,-120.84,35.47,-120.84
"B165",38.54,-122.88,38.54,-122.88
"B166",40.1,-123.96,40.1,-123.96
"B167",40.18,-123.16,40.18,-123.16
"B168",38.24,-122.88,38.24,-122.88
"B169",40.17,-124.04,40.17,-124.04
"B170",38.79,-122.48,38.79,-122.48
"B171",39.7,-123.15,39.7,-123.15
"B172",38.59,-122.54,38.59,-122.54
"B173",39.34,-123.29,39.34,-123.29
"B174",40.38,-122.89,40.38,-122.89
"B175",38,-119.77,38,-119.77
"B176",42.44,-123.48,42.44,-123.48
"B177",39.64,-123.74,39.64,-123.74
"B178",41.87,-123.92,41.87,-123.92
"B179",41.62,-122.7,41.62,-122.7
"B180",40.93,-123.61,40.93,-123.61
"B181",42.61,-124.04,42.61,-124.04
"B182",41.58,-123.47,41.58,-123.47
"B183",40.75,-121.12,40.75,-121.12
"B184",40.75,-124.14,40.75,-124.14
"B185",40.28,-120.56,40.28,-120.56
"B186",41.4,-123.89,41.4,-123.89
"B187",41.32,-121.19,41.32,-121.19
"B188",42,-121.31,42,-121.31
"B189",42.62,-121.5,42.62,-121.5
"B190",25,-111.54,25,-111.54
"B191",22,-100,22,-100
"B192",36.52,-116.81,36.52,-116.81
"B193",28.44,-96.91,28.44,-96.91
"B194",26,-102.07,26,-102.07
"B195",36.37,-117.33,36.37,-117.33
"B196",33.37,-110.5,33.37,-110.5
"B197",36.12,-117.7,36.12,-117.7
"B198",35.95,-114.5,35.95,-114.5
"B199",35.37,-118,35.37,-118
"B200",36.65,-117.79,36.65,-117.79
"B201",37.86,-110.72,37.86,-110.72
"B202",36.88,-118.18,36.88,-118.18
"B203",37.92,-116.45,37.92,-116.45
"B204",36.9,-112.55,36.9,-112.55
"B205",38.11,-118.45,38.11,-118.45
"B206",37.28,-118,37.28,-118
"B207",42.94,-115.3,42.94,-115.3
"B208",40,-119.6,40,-119.6
"B209",40.22,-111.81,40.22,-111.81
"B210",40.12,-118.37,40.12,-118.37
"B211",37.69,-118.14,37.69,-118.14
"B212",40.27,-120.44,40.27,-120.44
"B213",41.55,-112.22,41.55,-112.22
"B214",39.88,-114,39.88,-114
"B215",39.19,-114.48,39.19,-114.48
"B216",41,-117.31,41,-117.31
"B217",38.33,-115.78,38.33,-115.78
"B218",39.25,-117.32,39.25,-117.32
"B219",37,-119.07,37,-119.07
"B221",41.59,-113.94,41.59,-113.94
"B222",37.67,-109,37.67,-109
"B223",43.94,-120.49,43.94,-120.49
"B224",40.19,-114.24,40.19,-114.24
"B225",39.08,-119.82,39.08,-119.82
"B226",41.5,-120.06,41.5,-120.06
"B227",43.19,-108.86,43.19,-108.86
"B228",40.36,-115.39,40.36,-115.39
"B229",43,-112,43,-112
"B230",40.47,-110.22,40.47,-110.22
"B231",43.25,-119.14,43.25,-119.14
"B232",45.17,-113.84,45.17,-113.84
"B233",39.33,-115.84,39.33,-115.84
"B234",38.14,-107.8,38.14,-107.8
"B240",28.96,-98.48,28.96,-98.48
"B241",36.83,-100.5,36.83,-100.5
"B242",32.52,-101.76,32.52,-101.76
"B243",36.9,-99.1,36.9,-99.1
"B244",35.83,-98.9,35.83,-98.9
"B245",38.83,-102.35,38.83,-102.35
"B246",40.13,-102.72,40.13,-102.72
"B248",45.83,-108.48,45.83,-108.48
"B249",44.5,-102.27,44.5,-102.27
"B250",47.48,-114.08,47.48,-114.08
"B252",43.66,-112.32,43.66,-112.32
"B253",48.12,-105.6,48.12,-105.6
"B254",47.6,-97.25,47.6,-97.25
"B255",49.34,-111.21,49.34,-111.21
"B256",51.01,-110.76,51.01,-110.76
"B257",49.49,-102.43,49.49,-102.43
"B258",51.86,-102.67,51.86,-102.67
"B259",52.79,-113.86,52.79,-113.86
"B260",53.15,-111.04,53.15,-111.04
"B268",49.77,-123.19,49.77,-123.19
"B269",44.42,-123.84,44.42,-123.84
"B270",47.11,-122.04,47.11,-122.04
"B271",47.55,-123.16,47.55,-123.16
"B272",46.87,-123.67,46.87,-123.67
"B273",49.34,-125.74,49.34,-125.74
"B274",46.06,-123.75,46.06,-123.75
"B275",43.43,-124.11,43.43,-124.11
"B276",50.46,-123,50.46,-123
"B277",48.84,-122.34,48.84,-122.34
"B278",47.38,-123.82,47.38,-123.82
"B279",49.23,-122.7,49.23,-122.7
"B280",48.41,-123.64,48.41,-123.64
"B281",45.4,-123.82,45.4,-123.82
"B282",50,-125.5,50,-125.5
"B283",52.87,-127.87,52.87,-127.87
"B284",47.77,-124.14,47.77,-124.14
"B285",47.95,-123.55,47.95,-123.55
"B286",48.22,-124.58,48.22,-124.58
"B287",53.5,-128.42,53.5,-128.42
"B288",50.42,-126.67,50.42,-126.67
"B289",54,-129.58,54,-129.58
"B290",53.54,-132.29,53.54,-132.29
"B291",52.32,-126.58,52.32,-126.58
"B292",57,-133.59,57,-133.59
"B293",55.65,-128.06,55.65,-128.06
"B294",57.93,-153.16,57.93,-153.16
"B295",60.48,-144,60.48,-144
"B296",61.01,-161.55,61.01,-161.55
"B297",61.21,-147.61,61.21,-147.61
"B298",55,-162.85,55,-162.85
"B299",60.03,-166.3,60.03,-166.3
"B315",45.59,-120.45,45.59,-120.45
"B316",45.49,-119.94,45.49,-119.94
"B317",47.41,-120.31,47.41,-120.31
"B318",46.33,-120.27,46.33,-120.27
"B319",45.72,-121.13,45.72,-121.13
"B320",47.42,-116.34,47.42,-116.34
"B321",48.78,-119.56,48.78,-119.56
"B322",49.46,-119.63,49.46,-119.63
"B323",47.94,-118.44,47.94,-118.44
"B324",46.25,-116.46,46.25,-116.46
"B325",51.26,-121.75,51.26,-121.75
"B326",47.94,-115.67,47.94,-115.67
"B327",45.21,-85.1,45.21,-85.1
"B328",45,-91,45,-91
"B329",46.99,-65,46.99,-65
"B330",46.28,-113.26,46.28,-113.26
"B331",45.21,-85.1,45.21,-85.1
"B332",52.28,-96.78,52.28,-96.78
"B333",53.41,-119.53,53.41,-119.53
"B334",51.84,-93.85,51.84,-93.85
"B335",52.71,-90.62,52.71,-90.62
"B336",51.32,-124.02,51.32,-124.02
"B337",49.34,-88.31,49.34,-88.31
"B338",51.75,-72.66,51.75,-72.66
"B339",51.22,-83.1,51.22,-83.1
"B340",49.78,-76.64,49.78,-76.64
"B341",52.79,-90.64,52.79,-90.64
"B342",52.42,-63.33,52.42,-63.33
"B343",56.14,-120,56.14,-120
"B344",58.51,-115.76,58.51,-115.76
"B345",61.15,-119.5,61.15,-119.5
"B346",59.73,-125,59.73,-125
"B347",57.66,-127.85,57.66,-127.85
"B348",51.68,-124,51.68,-124
"B349",53.33,-123.15,53.33,-123.15
"B350",63.68,-125.37,63.68,-125.37
"B351",64.79,-141.2,64.79,-141.2
"B352",67.47,-125,67.47,-125
"B353",53.62,-83.88,53.62,-83.88
"B354",66.52,-153.78,66.52,-153.78
"B355",59.47,-106.19,59.47,-106.19
"B356",65.94,-135.23,65.94,-135.23
"B357",61.82,-157.75,61.82,-157.75
"B358",65.75,-122.89,65.75,-122.89
"B359",63.44,-143.12,63.44,-143.12
"B360",51.08,-77.81,51.08,-77.81
"B361",63.85,-115.61,63.85,-115.61
"B362",61.74,-150.45,61.74,-150.45
"B363",61.24,-138.21,61.24,-138.21
"B364",63.33,-157.54,63.33,-157.54
"B365",56.19,-68.92,56.19,-68.92
"B369",63.98,-160.75,63.98,-160.75
"B370",66.95,-156.94,66.95,-156.94
"B371",66.77,-161.53,66.77,-161.53
"B372",57.97,-62.02,57.97,-62.02
"B373",55.32,-77.69,55.32,-77.69
"B374",64.33,-96.2,64.33,-96.2
"B375",68.09,-160,68.09,-160
"B377",68.18,-151.71,68.18,-151.71
"B378",69.96,-132.09,69.96,-132.09
"B379",63.49,-170.31,63.49,-170.31
"B380",68.29,-166.12,68.29,-166.62
"B381",68.58,-106.61,68.58,-106.61
"B382",66.99,-95.18,66.99,-95.18
"B383",65.16,-88.12,65.16,-88.12
"B384",69.44,-81.51,69.44,-81.51
"B385",69.21,-50.31,69.31,-50.21
"B386",65.25,-64.7,65,-65
"B387",71.46,-94.93,71.46,-94.93
"B388",65.93,-37.34,65.63,-37.64
"B389",71.32,-156.78,71.32,-156.78
"B390",77.69,-69.5,77.49,-69.5
